person_id,job_id,concat_steps
10043795,341998,APPLIED|REJECTION
10078291,602424,APPLIED|REJECTION
10141154,481387,APPLIED|REJECTION
10198951,702480,APPLIED|REJECTION
10206314,669327,APPLIED
10303853,456704,APPLIED|REJECTION
10311921,498031,APPLIED|REJECTION
10427261,460721,APPLIED
10508005,703813,APPLIED|REJECTION
10681147,474889,APPLIED|REJECTION
10742261,807302,APPLIED|REJECTION
10745590,468368,APPLIED
10992609,526796,APPLIED|REJECTION
11007349,668436,APPLIED|REJECTION|RESUME_REVIEW
11102594,843794,APPLIED|RESUME_REVIEW|REJECTION
11118172,413891,APPLIED|REJECTION
11484233,1051937,APPLIED|REJECTION
11489666,612946,APPLIED|RESUME_REVIEW|REJECTION
11538692,1073206,APPLIED|REJECTION|RESUME_REVIEW
11666054,848791,APPLIED|REJECTION
11711854,675838,APPLIED|REJECTION
11721114,721822,APPLIED|REJECTION
11737841,540281,APPLIED|REJECTION
11837772,474273,APPLIED|RESUME_REVIEW|REJECTION
10297420,428527,APPLIED|REJECTION
10307848,999917,APPLIED
10395102,649572,APPLIED|REJECTION|RESUME_REVIEW
10448284,1315951,APPLIED
10502936,1272954,APPLIED
10504080,403588,APPLIED|REJECTION
10572430,746901,APPLIED|REJECTION
10715772,452865,APPLIED|REJECTION
10807724,478415,APPLIED|REJECTION
10846481,404901,APPLIED|REJECTION
10896017,526634,APPLIED|REJECTION
11037468,509508,APPLIED|REJECTION
11054095,453616,APPLIED|REJECTION
11127023,829003,APPLIED|REJECTION
11291532,917041,APPLIED|REJECTION
11307491,562553,APPLIED
11405939,500326,APPLIED|RESUME_REVIEW|REJECTION
11424610,699134,APPLIED|REJECTION
11448966,585491,APPLIED|REJECTION
11573470,510228,APPLIED|REJECTION
11911316,476140,APPLIED|RESUME_REVIEW|REJECTION
11928321,447063,APPLIED|REJECTION
12120186,929199,APPLIED|REJECTION
12231417,783034,APPLIED|REJECTION
11957754,710800,APPLIED|RESUME_REVIEW|REJECTION
12091347,563319,APPLIED|REJECTION
12126725,531527,APPLIED|REJECTION
12165338,528616,APPLIED
12291661,533150,APPLIED|RESUME_REVIEW|PHONE_SCREEN_2|REJECTION
12401619,426925,APPLIED|REJECTION
12556856,708737,APPLIED|RESUME_REVIEW|REJECTION
12604994,579285,APPLIED|REJECTION
12633522,551190,APPLIED|REJECTION
1267214,525201,APPLIED|REJECTION
12780622,970476,APPLIED|RESUME_REVIEW|IN_HOUSE|OFFER_PROGRESS|OFFER_RESCINDED|REJECTION
12792235,361690,APPLIED|REJECTION
12846108,1198457,APPLIED
12894135,862133,APPLIED|REJECTION
13113760,571119,APPLIED|REJECTION
13169096,863193,APPLIED|RESUME_REVIEW|PHONE_SCREEN_2|REJECTION
13194440,578154,APPLIED|REJECTION
13197753,524931,APPLIED|REJECTION
13253231,564595,APPLIED|REJECTION
13534844,523640,APPLIED|REJECTION
13544538,525812,APPLIED|REJECTION
13609922,430344,APPLIED|REJECTION
13898959,583509,APPLIED|RESUME_REVIEW|OFFER_ACCEPTED|OFFER_PROGRESS|EMPLOYEE_STARTED
14118486,602542,APPLIED|PHONE_SCREEN_1|REJECTION
14179425,566862,APPLIED|REJECTION
14262657,589171,APPLIED|REJECTION
14352176,588476,APPLIED|REJECTION|RESUME_REVIEW
14455998,770766,APPLIED
14539997,510532,APPLIED|RESUME_REVIEW|ASSESSMENT|PHONE_SCREEN_2|REJECTION
14635557,578454,APPLIED|REJECTION
14642935,693029,APPLIED|REJECTION
14845374,798710,APPLIED|REJECTION
14875080,647544,APPLIED|REJECTION
1492011,603970,APPLIED|RESUME_REVIEW|OFFER_PROGRESS|OFFER_RESCINDED|REJECTION
14950912,604404,APPLIED|REJECTION
15001441,603613,APPLIED|RESUME_REVIEW|REJECTION
15151840,941917,APPLIED|REJECTION|RESUME_REVIEW
10132384,424212,APPLIED|REJECTION
10140942,411716,APPLIED|RESUME_REVIEW
10143842,213215,APPLIED
10341194,1126903,APPLIED|REJECTION
10362711,505136,APPLIED|REJECTION
10538549,585187,APPLIED|REJECTION
10542277,1154767,APPLIED
10860048,413566,APPLIED|REJECTION
10957907,582278,APPLIED|REJECTION
11115551,525735,APPLIED|REJECTION
11359447,585547,APPLIED|REJECTION
11492008,810390,APPLIED|REJECTION
11523481,468368,APPLIED|REJECTION|RESUME_REVIEW
11652446,519244,APPLIED|REJECTION
11675197,1108403,APPLIED|RESUME_REVIEW|PHONE_SCREEN_2|REJECTION
